"ID","name","password","age","gender","tel"
"1","admin","admin","",,
"585","monroenanc","*622Qehou5","101","Male","337845818"
"588","matthewtor","+$mGdoKbO8","66","Male","188136975"
"589","mcgeedanie","o6TFFTAr#8","30","Female","570708879"
"590","charlesper","w^e41M$hJ_","54","Male","528736681"
"591","stephanie7","vod5BTBty)","76","Female","288767101"
"592","charles18","6_25JPeMl#","32","Female","494301312"
"593","kwiley","*QBTHrqd6A","40","Female","601540462"
"594","kdavis","_@y83WDvd#","27","Male","319760628"
"595","ffrost","*XI1aFbFA&","25","Female","931026045"
"596","rlopez","E7A3@^jI*h","56","Male","970362167"
"597","stevenclar","$_3zMraf1S","68","Male","284599738"
"598","christinap","6y@4YpKwtE","55","Male","838670667"
"599","belinda03","$GBvy$bk4%","58","Female","268038580"
"600","durannancy",")LWcz^Gf90","24","Female","915735216"
"601","patricia71","@()2ZZvtdt","70","Male","779364740"
"602","shawnbaird","#!0*P@&gOM","36","Female","912736684"
"603","jacksonric","F1l2R2s1(4","58","Female","263908246"
"604","martinjohn","!knRfmuD)6","68","Male","343501927"
"605","mbailey","!F9MNQ(aix","48","Male","353027194"
"606","tconrad","v0M!!1sy)P","76","Male","827844747"
"607","brussell","*06Kq4CC#Y","30","Male","627972877"
"608","kristi47","9^9L9B$orw","76","Male","949949953"
"609","fernandezj","(zFqT#*wE6","31","Female","454718344"
"610","megansmith","I+vLzytP_5","76","Male","103701267"
"611","michelle03","%VtDaIzR%4","61","Female","461443927"
"612","jennifer44","@ownALzj85","61","Male","987062804"
"613","joshuasmit","_#2Xfqd_B^","26","Male","527176098"
"614","breed","))Z1Mr$xxG","69","Male","157069192"
"615","kprice","oHHFbMxI*6","51","Female","455106548"
"616","clarklisa","s_O64CIrP!","35","Male","252657593"
"617","washington","4^hM!9HncS","26","Female","200843365"
"618","ashleyholm","S!3(@9AoIi","72","Female","554341172"
"619","drivas","ep%!2B2pu@","79","Female","741846997"
"620","bakerkatie","8Rtrswh+&&","42","Female","691896721"
"621","brandi70","+i1J!2GzTq","56","Female","249992281"
"622","fraziertim","WEeC^Qzq^3","55","Male","761180101"
"623","hfernandez","7O+744UjQ$","38","Male","266819019"
"624","sallen","$M$3JVYl)&","60","Female","961146848"
"625","collinskat","@7t9Xtt!tt","56","Female","733169571"
"626","maysandra","%7TjvhK0ms","46","Female","974312422"
"627","jessica09","9D2rFAHk5(","21","Male","367837902"
"628","truiz","@73)cuspuY","62","Female","482156967"
"629","fletcherke","*1jDz&kX43","74","Male","164206551"
"630","anitacampb","_WJxwONfG2","67","Female","570835159"
"631","marvinlebl",")Yq4HBfsG!","80","Female","410365916"
"632","wsnyder","821W!$_t*G","33","Female","644509769"
"633","pallen","7Do+%WeG_7","24","Male","675320903"
"634","jennifer33","ZW_69QvPni","63","Female","595548462"
"635","christina9","Q3uEsX!h^0","19","Male","883392427"
"636","wayne37","5w3QqyA7@(","80","Female","546735862"
"637","denisemill","@3XNz7Bxdy","63","Female","430552374"
"638","rachel18","^qX9&+^Zc2","61","Female","433427449"
"639","tmorris","F*0MTcwX$6","57","Female","545028904"
"640","bryan19","ZS7RqKz2$Z","77","Male","678626774"
"641","vicki90",")3ZZluTRjJ","77","Female","543388194"
"643","ianmitchel","A42oSHyY%m","76","Male","899652711"
"644","ryanreese","$jQXI)wdN1","77","Male","874568186"
"645","phamjacob","pt5wKTT4(1","65","Female","816361069"
"646","kellyshann","6!40W5@pEz","31","Male","615523386"
"647","aaronchen","Ep0oLIXf#9","72","Male","944499787"
"648","brett22","!jG2QEIbGH","57","Female","439282925"
"649","reedsean","wq7oS$Jb+M","75","Female","622815730"
"650","fitzgerald",")&0fHAQz_l","26","Male","867263032"
"651","ramirezmar","(1XWiPp4F0","64","Male","705790037"
"652","flemingsar","fc7jEyBx%*","70","Female","478603514"
"653","chad84","@tG1zeKt65","23","Male","682826766"
"654","bpenningto","e)4vp4Qlk(","66","Female","432073694"
"655","everettgre","rZT0YzCn&0","22","Female","704823910"
"656","jhowe","mFc^9IGu7o","41","Female","412823121"
"657","daniel25","$9CkLahdR7","27","Female","814335790"
"658","serranolis","o2wGOgi#(J","57","Male","701685277"
"659","michellech","SuoXL8Px^1","31","Male","626293056"
"660","xharrison","f$1At#B_(r","36","Female","685570698"
"661","moniquelan","*(1mZMwtCH","77","Male","865181968"
"662","lporter","O8YX(wz1$N","49","Male","561024805"
"663","alec86","%1GnH6RQjm","57","Male","506939081"
"664","dawn62","!E8XuFl22A","18","Male","913583593"
"665","daniel42","*SDp*epNJ1","75","Female","294801207"
"666","charlescox","gqf5RX0f)8","61","Female","919988475"
"667","hoffmantay","_5rZ3Gaf9Y","37","Male","534138535"
"668","laurathoma","$OFCt05Nr8","32","Female","173545610"
"669","jessicacam","IEFYEIao)2","20","Female","417924321"
"670","shelbyande","*fD$k!Un5t","74","Male","166432701"
"671","tammyalvar","Q^PK5Tqo4C","76","Female","667731648"
"672","coreysoto","&4MkqH(eBN","52","Male","395476837"
"673","billybrown","E*_7HZXcPh","63","Female","913125254"
"674","jamesday","ZB$7rZ3k(L","71","Male","751175732"
"675","pamela97","((QYa0Tm1(","26","Female","853870703"
"676","wendy22","fuA8)9Zuv5","49","Male","708817712"
"677","riveraerik","h@P29Wc$+8","40","Female","183225979"
"678","eperry","vbXVecYs+4","47","Female","355658363"
"679","faulknerjo","CiC7COxP@3","18","Male","649810959"
"680","berrymicha","sY8u*eOuq!","32","Male","494281396"
"681","fparker","75Ujfzge*q","50","Female","560293776"
"682","rwood","U5DlwolU^$","70","Male","745149145"
"683","jmartin","*9ZG+fpfGr","25","Female","391110216"
"684","twright","OQ!90Or1S_","31","Male","468898618"
"685","haley35","e&6pJFjWw+","80","Female","391572107"
"686","vaughanant","s3A)WkLf!G","26","Female","692373131"
"687","williamsmi","Df^JUxcB^5","63","Male","339381814"
"688","pattersonk","l0TM0KZv^8","73","Male","860919454"
"689","elarson","!2W^ZFyeU(","74","Male","287179525"
"690","mullinschr",")gzLMdpuh3","23","Female","184870682"
"691","greenkelli","m^^7jPyXF5","69","Male","676817134"
"692","ppittman","(7Sb1cTz(@","34","Male","571045130"
"693","nwilliams","s1DgBlyy!w","69","Male","560796019"
"694","timothy84","^WvLl5*&2O","44","Female","870103113"
"695","alexis34","n0t9XwGC*i","61","Male","622066338"
"696","christophe","CmLPMEbn^5","42","Female","479286955"
"697","rodriguezd","F06VNZdW&X","23","Female","572843991"
"698","gabrielchu","&ktFzx#ZQ1","52","Female","842606607"
"699","jonathonjo","sC7T%Z3fZ!","38","Female","552253968"
"700","luisgilber","9+SGm!_v_D","21","Male","522120041"
"701","bradleydan","nj#4XQHot+","59","Female","738798768"
"702","connie17","%e$7gJdteu","71","Female","569934834"
"703","randygonza","!uLDM%k*W4","59","Female","713988854"
"704","edwardbrow","nK8XGxKPw!","42","Female","768437524"
"705","lmonroe",")pIQC@VBK9","53","Female","549553999"
"706","ryanlarson","_me04Gct&2","57","Female","502021970"
"707","smithsteph","6^aNjxGK^i","35","Female","573519973"
"708","veronica29","bB8_)Plkc+","34","Female","755288474"
"709","roberto68","8$1^BQMywh","18","Female","941716811"
"710","fsnyder","9b8)Ml*Z&9","56","Female","423584594"
"711","josephbarn","(+1vYzgOvB","22","Female","233609277"
"712","george12","%oY3$Lpj^9","62","Female","556950538"
"713","katherinef","8buYlSVD)+","65","Male","234539048"
"714","cameronsos","*rZKcfvKG3","59","Male","589742228"
"715","ebony32","@9Wnt@xsv@","68","Female","891621842"
"716","sancheztam","Jt7ZAok#g@","23","Male","441258725"
"717","seangordon","E$qex9Iv@i","54","Male","780403113"
"718","griley","^3uPH1Jn76","68","Female","912796460"
"719","scottjames",")!x1Y6!FUw","32","Male","962929046"
"720","tsmith","@CGHx2nM17","49","Male","387733114"
"721","mary50","ElV0Ay+y2!","63","Male","393621912"
"722","cookkather","+WRr3Go2o*","48","Male","588516907"
"723","lisa48","!%JqCkyna3","52","Female","642874276"
"724","jay89","Rj$1QfpeuD","55","Female","366386898"
"725","hallison","!5#U&YHL$r","45","Male","274454877"
"726","kerryblanc","!3g_6pJy8e","58","Female","166513926"
"727","carolynmor","*U1I*TJvwR","52","Female","153196339"
"728","cbrown","i#n^8G6nZe","72","Male","504389509"
"729","gardnerkri","*LgHE2mw7K","68","Female","582769311"
"730","yreyes","@0PMiAqVvs","45","Male","782243177"
"731","erin35","eMr3$0AdR%","70","Female","426419224"
"732","brucebetha","SnYuD3ALB#","40","Male","872081211"
"733","mitchellre","6jUzPIal$r","80","Female","889247872"
"734","muellerrob","zc25CV7x$^","27","Female","853274259"
"735","mark73","%3XE1Pzg@y","78","Female","282252792"
"736","walkersara","j9YmGDsh))","30","Male","134519115"
"737","brianhill","@1e)NABm+H","31","Female","682167878"
"738","rebecca17","a9m8+Y^o#M","67","Male","817132846"
"739","katelyncar","$6E)Ctn(eO","49","Male","377176656"
"740","aprilsmith","%60iW7Ccjt","79","Male","103249560"
"741","lindseysam","&4QYI3wqqU","22","Male","704953607"
"742","sheilastew","UJ1!Vc1*N)","32","Male","872248061"
"743","benjaminhe","AjLpgev7^9","30","Female","638201614"
"744","brian28","_a7mNWms)h","20","Female","989029154"
"745","johnnygarc","+540Cr!5df","25","Female","742717832"
"746","mneal","i1W8G^W9)V","21","Male","265008241"
"747","steventurn","7!6(NnNh%s","57","Male","306424447"
"748","stephanie1","9S(eHYzw+E","64","Female","300003607"
"749","acooper","$)cA^gpW_1","52","Female","477733281"
"750","tatekevin","G4@Nyai@)4","79","Male","265669368"
"751","autumn51","%5mkZZITIa","70","Male","752903444"
"752","margaretsh","$SCUllGV5D","27","Female","567089205"
"753","gina23","#r8kQ+Zo_&","78","Female","135363753"
"754","mcdanielan","38Th7Xhy%4","57","Female","202988178"
"755","garciabeck","(3pSUGct2t","63","Male","630476450"
"756","christinep","7q!5IzO9&6","34","Male","350929034"
"757","qvincent","m57k0C&k$+","51","Male","858703224"
"758","emily41","lNtiKeGd&1","60","Female","954003441"
"760","kaylaburch","(71Azr!c6W","41","Male","252354926"
"761","normanjuan","5%0Vv$Iyc7","24","Female","223522741"
"762","smithlarry","_^7MdCm@XQ","22","Male","581178612"
"763","zmiller","T6$0AsqS%X","48","Female","289555819"
"764","linda05","Y+(9kTZtk@","76","Male","906567866"
"765","clarkedann","v&07@Fhd(v","78","Female","370997043"
"766","jeremiahwi","&$G8CZezbm","78","Female","477824468"
"767","samantha79","!sPFo8Ee93","22","Male","518713212"
"768","katiepowel","qhY9W(x1U_","22","Female","928285735"
"769","robin73","!@2Vkkh@p8","31","Female","923043105"
"770","andrew74","Jc(w1Nnz%4","48","Male","333441065"
"771","haasrobert","@P38Qcikvu","63","Male","740477560"
"772","ewilson","3X)_9Ar7d+","52","Male","968484632"
"773","urodriguez","&o_4IZsvaR","31","Female","768031152"
"774","ccook","*&5OLsUrP8","39","Female","171400917"
"775","castrodani","@9bTu)aN40","66","Female","702988129"
"776","qlawrence","+6KJgrOnrD","28","Male","443559721"
"777","tcampbell","qW&xx+NW@0","21","Male","896546442"
"778","gray","hGs*0V@j9+","64","Male","535192873"
"779","elijah68","(9GBw_LmjS","57","Female","641221806"
"780","umaldonado","!jt9hGwEh2","46","Male","744466599"
"781","garciakerr","QKq2zThbC*","29","Female","664035034"
"782","stephaniew","(3VBxpwGld","26","Female","709016777"
"783","adamharris","!%O+XqYc&5","58","Male","930958704"
"785","paige98","K6Q83Rsn#R","35","Female","930792049"
"786","dpena","_5XCdI*DyT","54","Male","742092400"
"787","meganbolto","_zJ2Dj&%Qx","25","Male","865021016"
"788","mccallkimb","T+5()YO*ju","33","Female","188815005"
"789","richpatric","qJ8I(9Iuiv","75","Female","251346038"
"790","beverly18","@w9T80Nf^i","53","Male","313202711"
"791","kanedaniel","QR4VrS71+!","23","Female","773077633"
"792","christy74","0YX_Aft@*D","48","Female","102872864"
"793","tarawilson","5@PZ7Lh2mn","27","Female","368248189"
"794","jlane","iE+PeVfj@5","79","Male","213608889"
"795","qbyrd","zwe)98XhwK","18","Male","392507346"
"796","ibest","%xA8niElUq","57","Male","581848094"
"797","theresa86","a7xLKp%f(s","64","Female","736007217"
"798","alexander3","Y!Svd2Tr_#","38","Male","514879608"
"799","hendrixkri","m&9T%EydG0","36","Female","976364766"
"800","livingston","r8+Z+%(N@k","22","Male","384714050"
"801","derek74","7aZ$aTIt&w","65","Female","551171503"
"802","cjones","nA5xToCzf#","53","Male","685035649"
"803","aruiz","jXNMtUnj^9","21","Female","484654103"
"804","brookegilm","G)1BWNd5&#","77","Male","872494810"
"805","kevinjosep","8q9Dw3eK&s","50","Female","143582882"
"806","mcdonaldmo","@xZ8xzSmbx","40","Male","837801562"
"807","brianperez","c10EE9ZF*0","66","Female","113847998"
"808","ehill","PwaJPdmy)8","59","Male","535401921"
"809","ihart","WY7TfFuc*_","30","Male","965532552"
"810","simmonsmar","%yRSwuzt*3","48","Male","907515942"
"811","davishaley","Bq7bOnpy$Z","33","Female","205137456"
"812","martinezam","r9_3HRPgoD","25","Male","418276826"
"813","murphyjaso","cU7)AaEj&*","75","Female","796233623"
"814","bennettbre","$gqGGASD6C","74","Male","964658705"
"815","alvarezmat","6tRe)RoS!Z","43","Female","141763674"
"816","kylie93","KP1PRldZf#","73","Female","197028467"
"817","tommysimmo","%3g@uLleXB","47","Female","413747865"
"818","qgarcia","@WIHjydAp1","63","Female","372197609"
"819","gavin40","3QG%Klvd)7","78","Female","291893593"
"820","clawrence","Qq8ekQHmi_","47","Male","313661179"
"821","aaron13","CY5UyHgHw@","59","Male","845819657"
"822","xhill","+R0Lxqh4K8","54","Male","498628948"
"823","cranealfre","_2SUDgJ)Vs","48","Male","551097188"
"824","christinac","F9cLBjlp)x","20","Female","878957334"
"825","stevenwalk","@4R&cwoPD1","41","Male","117879185"
"826","ernest79","!2IQgjrRWG","67","Female","909612424"
"827","theresa92","f$y4!FIkSA","52","Male","145485714"
"828","julieharri","up2mJZxx)U","75","Male","648365494"
"829","wwilliams","+8vWuKq4i7","56","Male","184539297"
"830","nathan15","H*2BPwo_on","55","Male","804538686"
"831","hannahjime","D5xD&Nwa&I","66","Male","704640834"
"832","raymond55","v71K57Ps)e","62","Male","220234029"
"833","jimmy69",")_WYz_KxO0","18","Female","992186318"
"834","ronald40","%wyz8Nxoo3","64","Male","526133648"
"835","cynthia02","+6ADhSRsO1","58","Female","996001075"
"837","wrightchri","kn1mxKWu2%","66","Male","926827589"
"838","stephen99","aL7P^@dY$l","54","Male","411638648"
"839","onealrebec","@CmLQrUs1a","26","Female","427036292"
"840","allenbrown","+eU6OuP*nz","40","Male","196416006"
"841","donald08","!^HWi$gnj7","41","Female","673607442"
"842","jimmybaraj","iXE7INbi_4","68","Female","809424153"
"843","gailcox","#OH+6nZfpL","48","Female","456706606"
"844","allenmauri",")NF@Qpw#)5","36","Female","582523837"
"845","collinthom","QO6#3VUw8j","73","Male","507064842"
"846","gclark","M)5RQef^08","32","Male","860503763"
"847","jeffery77","w#P2Muhn!J","40","Female","185560267"
"848","markbutler","#EE8NB8fAE","19","Male","630154204"
"849","rosslindsa","M(&M6sSp@2","47","Female","306143236"
"850","fsmith","5)r22FuWH8","26","Female","525825940"
"851","martinezka","&$mRnlq9)5","20","Male","835921995"
"852","williamsda","M(6A^dss_N","28","Female","985569482"
"853","coopershaw",")J7jJMhtlV","77","Female","435839736"
"854","larrycruz","ci1DbLiu)!","45","Male","599442624"
"855","gholt","U5%1Wdfxz$","27","Female","101701906"
"856","ascott","BP4t#MlTm%","57","Female","574798178"
"857","michael90","s!i0LkJwY*","33","Male","195694682"
"858","adam54",")kcODMl@t9","65","Female","165053844"
"859","tpotter","n^379HAs&I","19","Female","518204139"
"860","angela32","e@7WzKQ2@j","25","Female","696970941"
"861","haleylesli","z1J543V!)c","18","Male","908047602"
"862","lisa75","jeS^+uDs+7","29","Male","881708860"
"863","qwerner","M8Gv_G4q)*","59","Male","577022903"
"864","stanleycor","0#2Y((Vt9(","62","Female","452853227"
"865","frobertson","CW3)^su)T&","43","Female","315694953"
"866","david63","S2yS3HBw*(","22","Female","212214015"
"867","xtorres","e#Gn7OpDr9","71","Female","526563080"
"868","tramirez",")FGlhjip(5","27","Male","932588630"
"869","christina0","f%6ARaeU@H","69","Female","752471501"
"870","cunningham","jd$C4Ei+B)","80","Male","920510441"
"871","fmorris","6aB1Tuw5#9","49","Female","226019174"
"872","ebarber",")^oTF!fU#8","61","Female","146945193"
"873","donnadavis","quz4D_gS#n","30","Male","771572792"
"874","walshdeann","7(2YO*Az_o","38","Female","254326954"
"875","katherinem","kF852PVm&J","26","Male","381566861"
"876","johnsonjoe","osQ)9D0hl*","22","Male","601674096"
"877","thompsontr","qxlZb4@8$0","69","Female","963511132"
"878","jgreene","D^L7VQw!O2","22","Female","427821647"
"879","rebeccacoo","%1E7TnEB$n","65","Female","580484784"
"880","emmacarey","mjDSYLp#^0","77","Female","654280984"
"881","ggilbert","&@hV3Gxd$5","27","Female","653615506"
"882","tonygraham","*%31J%G9!j","70","Male","818052164"
"883","uallen","jqL&ML*)(4","64","Male","712606573"
"884","achristian","Kqcf32Nle*","80","Female","684114134"
"885","nmartinez","oRSVi6ld@9","65","Female","490553743"
"886","sabrina90","!ES$k5Dyz0","39","Female","646553599"
"887","zhall","#5QT8fSX_H","47","Male","878913086"
"888","ryanbell","9LDW1O!m^7","22","Female","716573021"
"889","nbenjamin","v_oCH9&f!8","37","Female","312933106"
"890","myersryan","88u*97Pzyf","33","Female","860642163"
"891","bhanson","u$fI2ODr1E","76","Male","766558441"
"892","nicholas46","$e7e9Yl9e6","35","Female","564467310"
"893","ybryan","p!5GM)!g!N","41","Female","253399902"
"894","charleswal","KuDbe5Q*1&","73","Female","105654119"
"895","russell50","Wr5YLwxc^e","45","Female","253260019"
"896","mcdonaldma","Y_1q*N@n1J","46","Male","239962883"
"897","wilsoncynt","5^0IUmJHce","51","Male","389746505"
"898","carol27","(C5PJ)Pa@!","64","Male","159265276"
"899","denise17","Q_5ItqFw$a","64","Female","116105374"
"900","melissa98","09&MH&WK+z","43","Male","388060681"
"901","steventuck","@k*81UUuPC","35","Female","502441236"
"902","jessicacas","@5Rgb(o0A0","31","Female","149266103"
"903","hdiaz","yY5!OVg3#3","50","Female","833825195"
"904","vferguson","#5REmCbBqY","25","Female","915193929"
"905","ledwards","&_S8wFp4o7","72","Female","299691664"
"906","aaroncrawf","YRgeS1pg+2","78","Female","214047614"
"907","jasonsmith","8QA4AGDw(u","73","Male","944379428"
"908","reedjennif","#l2I+HtsX@","61","Male","282478662"
"909","markkelley","G+Sh5J&O7p","74","Female","240772201"
"910","kiddgeorge","Kt7WGe9h(_","64","Male","192891494"
"911","xcox","ER3AxeNl1@","27","Male","844043865"
"912","vanessajoh","VTGa&9wx_9","33","Male","158475986"
"913","rreid","r3E14XxvK$","73","Male","141815465"
"914","justin20","UE3QqBAkk^","30","Female","299193022"
"915","castilloma","5kH+45Nka^","18","Female","734932468"
"916","susan81","X7b2JUhM^s","44","Male","312260441"
"917","rmcdaniel","d80KR@Iql#","47","Male","857195432"
"918","hcastro","^+6(_Hv^l)","64","Female","266368086"
"919","ywright","7m&@SDr3#B","80","Male","549827929"
"920","angelabake","53AB8+6q&@","41","Female","470428244"
"921","steven60","+62ndtYqYX","62","Male","452230198"
"922","julieflemi",")35+FRxI&3","36","Female","992640813"
"923","laurasamps","XF&Y1Wxcl$","23","Female","779071239"
"924","kendrahoff","4_c9dWOn%F","42","Male","657009759"
"925","josephbent","(CI5iyKVa9","45","Female","219940875"
"926","ustewart","At5S(zPxQ*","40","Female","159989359"
"927","christiank","!wGo%tuK$7","46","Male","289075694"
"928","acostachri","_9P(XSIig9","35","Male","994772019"
"929","jasmine05","UF3)PLFo*5","44","Male","949683039"
"930","pwalter","^xQIuykVw7","34","Male","707547962"
"931","michael11","ON95V(%f_%","65","Male","900083187"
"932","ulewis","nzUngavF_1","55","Male","810900692"
"933","valerieswa","21RzsjdO(c","22","Female","229443943"
"934","sarawillia","b9tN4rUS!Q","65","Female","737025084"
"935","judith29","WTZ1nHlz+%","64","Female","814551311"
"936","nbenson","@X(LI)0p1c","19","Male","965647943"
"937","cwright","q*5$zGjy(9","60","Male","768018090"
"938","shannonpow","b$_6*!czdV","36","Male","994677936"
"939","taylorlind","$bJ)4pUue7","26","Male","167186671"
"940","nruiz","H@2)PBni+%","80","Female","636798881"
"941","sperez",")8VRvJI%Ny","48","Male","619309601"
"942","esimpson","za%4K#Ih^@","20","Male","384955743"
"943","youngferna",")8(Wmr#+p9","59","Female","972738337"
"944","jamesyoung","b3XhboF5_s","47","Female","820928268"
"945","donna57","O50A@UWr$C","41","Male","955357200"
"946","scott30","T1X@k9MuGU","35","Female","265156629"
"947","tiffanysmi","%MbIXmJwk0","62","Male","748539489"
"948","andersonsu","Bt*2*CYx^#","24","Female","378294538"
"949","timothy26","%wr69Zb2&7","43","Male","404262202"
"950","kcole","%^d7Z8iC(^","37","Female","701237665"
"951","eric12","q1VLqGjg*o","19","Male","181196556"
"952","jjohnson","(_dtcO#aw4","70","Male","196950483"
"953","dana86","@PI12tt$v4","77","Male","311501161"
"954","zacharysmi","D4!8VKHk4k","39","Male","449769800"
"955","mwilliams","I&4SLy2vU@","77","Female","997740791"
"956","amycooper","rTn5UIwfZ*","65","Female","346515862"
"957","brookstimo","c!N43PqS_$","34","Female","252723966"
"958","steven13","L!%5jPhjYW","74","Male","173398879"
"959","katieconwa","r0^Nt9DkEr","54","Female","919265189"
"960","asmith","P*0HL(cabk","69","Female","763241309"
"961","bentonrach","6tJACri2%&","68","Female","626512837"
"962","jermainera","%8%JvMmwf(","65","Female","817848790"
"963","ariaskathe","^57RPPqq%e","47","Female","929273203"
"964","pughjennif","&7%5K^Ps&5","32","Male","273792083"
"965","watersandr","2o%N^Tl)*t","23","Female","177546262"
"966","sbryant","@Ef0M8rnPN","20","Female","625359479"
"967","lanesteven","^6dvGyTUFW","66","Female","406145575"
"968","ipeters","^O_P8USkr@","60","Male","998702414"
"969","therrera","6)a15P9Mix","74","Male","748212167"
"970","timothy56","l9!Rz7So(J","79","Female","920249152"
"971","stevenwall","+$$kL2xo1J","29","Female","584225260"
"972","tonihensle","@(I5VBEtL3","44","Male","951662145"
"973","zmercado","N_zS4Klox@","18","Male","107631895"
"974","uramirez","%d2J%iL6$%","58","Female","945939807"
"975","vgomez","q3Jz&dv9!l","68","Female","112749052"
"976","amanda10",")3BV7QqzHE","21","Male","778196825"
"977","wangtrevor","gf3DFrtb_9","42","Female","738925241"
"978","adamspaige","*tgIxvOhG8","36","Male","181775278"
"979","moralesnat","*3WfMqPB%P","79","Female","540563363"
"980","jmurphy","hXM7DOku2^","54","Female","630788870"
"981","hillchrist","@22iJuyW0n","25","Female","458916268"
"982","feliciacox","_fL4TnZYP4","37","Female","290114200"
"983","denniswhit","1bzMbKoO@0","35","Male","560883698"
"984","vincent03","68XM*HyR&6","41","Female","315801664"
"985","hobbsdanie","W6)iI8rO#i","43","Female","972179044"
"986","aglenn","EC2WJY(i!R","52","Male","813159925"
"987","elizabeth6","iD&3NbLpu#","67","Female","192164778"
"988","dscott","_yBxyJPkl2","74","Female","360996645"
"989","carrilloro","grPFe$Qg@7","65","Male","798338853"
"990","gina16","W*X6Xm*!g^","78","Male","941542227"
"991","toddwashin","D_5J^+rcrL","37","Male","938530952"
"992","udavis","!%R8qY*ll!","48","Female","865973634"
"993","zzimmerman","@E50ELnHb#","25","Female","311023722"
"994","zacharylin","OO(4Zql+gx","56","Female","427483922"
"995","samuel43","3&0PQMr3Ls","69","Female","339223119"
"996","salazardaw","7WQNWiYu!s","41","Male","724934171"
"997","amanda73","8y_#Imvi*8","73","Male","712674118"
"998","gwhite","%iUBX+C120","68","Male","215954289"
"999","brianbenja","azfBVGFs(3","43","Female","362021258"
"1000","henrymicha","%vi+bITn07","49","Female","202939049"
"1001","trodriguez","fw0ydIJr@J","45","Female","217696082"
"1002","sheliarich","*8Kg&9qA4$","41","Female","382860822"
"1003","wblackwell","%%RxC0To2B","72","Female","788720202"
"1005","landryjess","*9izJcHuUU","54","Female","671564152"
"1006","rskinner","#0D1X1XumL","21","Male","985898068"
"1007","lisavalent","AOH296Zp*b","76","Male","625902170"
"1008","michaelols","*gaTrSF%F0","69","Male","796307141"
"1009","mooregrego","1qSAASrm*2","42","Female","636902626"
"1010","changrobin","_*zmm3HaSI","42","Male","291146441"
"1011","theresa99","lC%WNrb9*1","38","Male","768729141"
"1012","fhuff","mT2(hO_yI(","33","Male","970131556"
"1013","aimeerober","1E242VUtz$","40","Male","946549075"
"1014","davidcole","B^7&YJ^g)l","61","Female","714418361"
"1015","wyattdenni","BkNb^Wte+5","18","Male","611659268"
"1016","sharon82","_E0cYwZesu","77","Male","328183238"
"1017","awilliams","n64Cqhf(&&","23","Female","381992995"
"1018","debra58","$rQpI+QJ!7","30","Female","248976286"
"1019","thomas61","^)1IccPD89","57","Male","736082876"
"1020","jessicabax","SB+3AkmJ6j","64","Female","101576053"
"1021","alvarezama","_*^Q8VbLW7","38","Male","886986189"
"1022","jamie74","^U(eZ5ddA!","20","Female","861248561"
"1023","ijames","G$4BnFxIzM","72","Male","396328297"
"1024","willie21","f7J7Jd!F#)","32","Male","817063728"
"1025","amanda62","E)l2dBdE5J","34","Male","988254169"
"1026","uburgess",")fCBFfKjZ6","30","Female","139062934"
"1027","jennifermi","w8OS9Wbv&5","64","Male","984978555"
"1028","riveramich","P%4v3c&mnB","77","Female","694796619"
"1029","stevenrobi","wkN!b3Vha2","49","Male","591081964"
"1030","uduncan","E5dLKXx0*H","56","Male","127880244"
"1031","tdelgado","(*8%ZUf(%1","37","Male","342483265"
"1032","robertcruz","SR@(FRti(8","78","Male","645492090"
"1033","qreed","zWZkfTXw!9","72","Male","165304077"
"1034","yoderjade","056GZoeQ)w","47","Male","603360119"
"1035","warrenmeli","l5*L#CmI*8","65","Female","795837009"
"1036","jessica80","ZJI@x0sH*5","41","Male","483858847"
"1037","charlesmor","c6vW&XWt#^","69","Female","713270475"
"1038","rossrebecc","f)4XxEq9Fk","79","Male","450408584"
"1039","wbyrd","L&i2jUZf#(","39","Male","511094945"
"1041","ramirezmic","5pk0XI6!#m","42","Male","236007786"
"1042","amypadilla","5%_E$NWs#%","68","Female","323766252"
"1043","vwarner","4ukNCFBz(3","46","Female","848093486"
"1044","judithsimp","$$2B)PlkAk","32","Female","213850199"
"1045","harperjess",")kPb!DCcA7","41","Male","549067391"
"1046","nrobinson","(BCoh8Kdre","49","Female","606532808"
"1047","johnjohnso","61UbaATQ*+","65","Male","322601577"
"1048","jason21","#4!c+3Kk1(","80","Female","245697695"
"1049","kmiller","&3fXVYg2%m","79","Male","170796558"
"1050","patrick55","rwT741Sa5(","21","Male","481158766"
"1051","frank90","+P87ONnv2D","57","Female","427021399"
"1052","obrown","Rm1Vb)yE++","76","Female","167152478"
"1053","vwade","_xBs$jc#6b","36","Male","326254141"
"1054","murraysara","4+K%hvpe+&","50","Male","200120565"
"1055","joseph60","g&TQcK78*9","60","Female","706471528"
"1056","evan45","2!*8mD2jnl","30","Female","437645340"
"1057","sierra09","#*424LWs9f","65","Male","728987991"
"1058","daniel18","Td0B^k+I9)","41","Female","783712961"
"1059","davidlucas","q_g#n4c61N","47","Female","928155282"
"1060","qadams","5R1%0Ubv^C","66","Male","791262818"
"1061","dsmith","&_PI7xjYg8","74","Male","574328849"
"1062","welchjusti","X&F)M2LdHJ","23","Male","439011009"
"1063","hudsonerin","g1%9Pcaoi6","58","Female","329379056"
"1064","tracy03","LyGr8rFiF)","57","Male","849045132"
"1065","traviswise","%x*RBDe71f","65","Female","784572505"
"1066","kimberly77","7%8QYpiqd&","72","Female","434322678"
"1067","raymondmid","T5BTz8bk*v","37","Male","131335079"
"1068","vhawkins","*m7ED9Kn6Q","26","Male","529619873"
"1069","jmullen","&YZevAI*89","25","Female","198912254"
"1070","johnsonvic","62Mri#$v*M","30","Male","957958238"
"1071","adamwatson","(*8H!ZtS!x","61","Female","668063346"
"1072","georgesmit","7POlIMeq%2","18","Female","470839917"
"1073","ewingjusti","p&vo$3CaU1","41","Female","143610067"
"1074","laura87","@U25#Yr1O6","32","Female","282971398"
"1075","matthew25","%3LYQ7uf)*","78","Male","771936445"
"1076","hernandezm","fy3SFfTO!6","50","Female","796228431"
"1077","rachel15","yOi2GhG&2(","72","Female","444817831"
"1078","steeleyola","#Cw6Q9asf(","60","Male","753891773"
"1079","courtneyma","*74Nnkx*CS","35","Female","261027648"
"1080","nicolefree","veqzRGmy^5","24","Male","356075466"
"1081","victoriawa","S%GuK3Ogtz","31","Male","330758392"
"1082","stonejohn","FPG%P0Tjt^","60","Female","534495915"
"1083","michael21","5^Y7IMsv%x","63","Female","788022481"
"1084","connie37","NjdkHEdl(0","63","Male","584953395"
"1085","brownchris","_4E@s(cbgM","33","Female","914621917"
"1086","russellher","l0Pc9hVT+8","59","Male","641241598"
"1087","phillipcra","1(9t8hmi5K","22","Male","699836403"
"1088","valenciash","0z#B)0Oy4g","67","Male","695889074"
"1089","toddbrenda","+xSguKRv)5","64","Female","108007534"
"1090","brianjones","#B47MeJj!M","36","Male","818047165"
"1091","ann74","f4YIUXgb)N","78","Female","441761305"
"1092","ihowe","@SzPL8Ny#5","60","Female","361311850"
"1093","rachel23","&7#_TgAUk4","21","Male","929423302"
"1094","brownwhitn","oy3Uhv@y%(","37","Female","392656116"
"1095","donna79","QBvTO7Ge%7","54","Female","579596227"
"1096","ppark","s93V1yKv%o","47","Female","637568630"
"1097","berryricha","+rVEYtw#Q2","41","Female","585403050"
"1098","ipowell","g_2dNBWE@b","58","Female","498323507"
"1099","henrymarti","g!53KLfNZ0","21","Male","767561326"
"1100","parkermary","(S5%xDAhF*","58","Female","766554077"
"1101","smithmitch","tv6KN@FzU!","29","Female","350800691"
"1102","james25","ND5X%cNs(q","71","Female","666807063"
"1103","wolfewilli","fq88)BJM4&","38","Female","700701113"
"1104","johnsonwes","v&6Ws#h1t^","70","Female","555158185"
"1105","ubrooks","9iSz5cte@1","66","Female","220315297"
"1106","turnertimo","@0Zb97Fjh%","72","Female","753127301"
"1107","huntamber","$HV8ktNeto","19","Female","625789017"
"1108","sherri37","_MAS_+n82U","42","Female","282393697"
"1109","smithshelb","%GqwN(h*n4","55","Female","497751219"
"1110","kevin00","mD0@A9Xe#r","45","Female","292110528"
"1111","samanthahi","(oFK(NZYx2","70","Male","917587011"
"1112","gramos","%!0VB1Nkfg","46","Male","627953057"
"1113","jaime73","k(7hiSZ6_k","78","Male","729767708"
"1114","deborah44","&16BX&jq%s","39","Male","797093969"
"1115","tracy84","jZR518Qu2@","27","Female","463388373"
"1116","adriennejo","@db1BWbJ+u","70","Male","478765635"
"1117","laurenrive","*&B!BNTcf6","36","Female","919620906"
"1118","mike07","#W25XeDgs7","76","Female","117654706"
"1119","amberjacks","$sEpUuowv4","31","Female","553204191"
"1120","potterjane","(A0NDaZeMt","76","Female","438284014"
"1121","joshua78","Oi0X^Qeei@","71","Female","469032130"
"1122","wlewis","P+52RiKfVO","59","Female","763443006"
"1123","srowe","n%!F*3Mk^!","39","Female","772080717"
"1124","brettstark","$7Svv7sHze","29","Male","475492372"
"1125","xbrown","%nMPcczG5f","44","Female","905559365"
"1126","richardmcg","!1QsVTE%lW","80","Male","397226036"
"1127","michaelbro","O+)85H)yQo","25","Male","451231021"
"1128","diana17","@5ZfgcyT!N","58","Male","888671304"
"1129","matthewhig","PUN+9AjumY","24","Male","345017015"
"1130","gonzalezmi","*rk4VOid86","59","Female","844305281"
"1131","cwhitney","UD1TBzbB%3","47","Female","903719463"
"1132","chelseawil","f1O0Yiyu)G","59","Female","181775838"
"1133","tpaul","p8v_NhxH%s","22","Male","901317085"
"1134","william27","94yxATg$_j","52","Male","784436294"
"1135","gregoryjon","bKThvvBx!5","70","Female","536699183"
"1136","qpalmer","F91!(iHfr(","55","Female","531104869"
"1137","erodriguez","m1F4Uqy#l#","45","Female","979670718"
"1138","sean65","2yz%$SQh_4","76","Female","844859042"
"1139","williambai","!Q7NsDpzd&","34","Female","581426901"
"1140","marc00","L)6kHnKt#T","72","Female","315078371"
"1141","kmalone","&7mErSjMzZ","80","Male","619544891"
"1142","dunntanya","Ql*C&ik9$1","38","Female","396168332"
"1143","bautistabr","mz57EMki&7","51","Female","257943127"
"1144","daniel62","U^1s$I9l+B","39","Male","167545162"
"1145","davischris","iWt9FiKz(i","47","Male","781523310"
"1146","vgross","G+E@u^bk@6","36","Female","503829661"
"1147","mclark","4MclH(Ln%$","21","Male","261763031"
"1148","lisa04","3^qOsy#7$p","34","Female","276886063"
"1149","sherylcont","C^d4PwMPW&","60","Male","660417113"
"1150","aaron21","u134MVvg&5","71","Female","798502499"
"1151","houstonjef","V&r9SlHvI&","18","Female","138595339"
"1152","elizabeths","2kjTOI^e@Q","28","Female","292321717"
"1153","alan42","$vHQGELgD7","23","Female","917348038"
"1154","kellybryan","K8RrNVzu!G","26","Male","249882277"
"1155","laura44","I2VPKo7U%1","24","Female","403676444"
"1157","jonathan09","*V8FDufhUI","69","Female","321261573"
"1158","clarksteph","v55U1T%j&V","75","Male","714146012"
"1159","icastro",")M1DgSxxSY","33","Female","925279618"
"1160","melissawoo","7D+0MImG(S","68","Male","727857107"
"1161","bennetteve","&U2D#ujaTa","80","Male","635515299"
"1162","qanderson","eHs%7OYb5@","27","Female","767609775"
"1163","murphytrac","rY$7%Cuj%I","59","Female","408291308"
"1164","alexanderw","_$46!ByJVI","42","Female","840088078"
"1165","randall67","WFR1au$lb#","28","Male","675747559"
"1166","uriley","q0z7FP^k&a","72","Female","824012922"
"1167","alisongonz","YRKYEvtT)5","24","Male","988450015"
"1168","andersonet","*4w*BKZrej","26","Female","353718291"
"1169","johnsonkel","sou7z0S+r&","22","Female","221748159"
"1170","evansashle","j928ICu4^7","66","Male","400172121"
"1171","rhonda41","(9Bu_Mvfy6","29","Male","841106260"
"1172","robert48","R)Oa2u2t%1","65","Female","403889628"
"1173","christense","4^3huEUvxE","42","Female","561364594"
"1174","mckenziema","I8w*mEf^*o","63","Male","457614415"
"1175","campbellde",")IKRavQZ6x","57","Female","666160221"
"1176","tsantiago","KgHGcHgR)6","60","Male","503482555"
"1177","smithcody","A*6FyEx@%Q","73","Male","733538581"
"1178","brandon98","7*3U&c9ejv","75","Male","202270044"
"1179","phillip40","&8!HDZgnb9","59","Male","338998460"
"1180","welchashle","^o6i0Otnm@","40","Male","365403008"
"1181","williamsro","+rA#YCeoc6","67","Female","311804042"
"1182","josejimene","+TN#U^tnG3","72","Male","625905346"
"1183","robert71","&mG&8gXsi0","62","Female","788872848"
"1184","jeremiahmo","@OH6Ylgmew","61","Male","277916574"
"1185","dayrichard","l(L1JO9cwI","51","Male","584221905"
"1186","bjohnson","(fHlGFhB6^","22","Male","777956334"
"1187","ashleyjenn","%6NjUTrI_s","52","Female","572037422"
"1188","aaronhines","#$7JvcVycH","23","Male","673942454"
"1189","kevinevans","@1KA29_q12","31","Male","293655511"
"1190","jasonstone","#2@Q&eYS7a","54","Female","432598525"
"1191","brianmyers","3T31Pf2xo&","60","Male","845786829"
"1192","kellerjenn",")4PM4MmWvW","63","Female","239185538"
"1193","stevenlewi","X)7a3H7o^O","68","Male","499515815"
"1194","smithbrend","&dN%kl4N7K","58","Male","877793754"
"1195","lindsay99","^_K7UYPc18","45","Female","782286299"
"1196","samanthaho","$3Ugzh^uvA","64","Female","552215252"
"1197","willie95","4^EHgSdc)o","79","Female","368208857"
"1198","pamelanorm","tFK)i9WiS*","67","Male","244038862"
"1199","scott66","Jd3wWverG^","74","Male","415425860"
"1200","uthomas","@#7@Mm0MKi","76","Male","919789277"
"1201","sawyerdebo","00G@fJ(O@4","47","Female","402489305"
"1202","tinawalker","6RNX)ue1+E","77","Female","638793074"
"1203","kelly49","#2YcoX+8o6","70","Male","771883621"
"1204","collinpeck","%4TlCktL(!","64","Male","443127092"
"1205","kellyparri",")fHhzPzsi1","24","Male","421470624"
"1206","christina6","W4&Sm$Ri&u","71","Male","287571357"
"1207","thomasnels","^U5EmRC5q^","74","Male","891591599"
"1208","lisa80","Bf31MAsp!U","62","Male","241396239"
"1209","smithmaria","*Q*Oyy3q3t","18","Female","437673845"
"1210","scottchris","X1+UCzRV)o","65","Male","467024854"
"1211","gabrielaje","BV5i@4gs)_","70","Male","710483562"
"1212","barnesmary","wKi6V7Zl_&","63","Female","203980363"
"1213","brianwells","0p!98F6j+4","44","Male","812287427"
"1214","rsmith","R52IlVoR(g","52","Female","812454080"
"1215","josephdebb","BGeOpYyb%7","58","Male","900093950"
"1216","paul20","&cdLE2ltq8","65","Male","315594025"
"1217","thomas75","%0HWG^z739","35","Male","870670009"
"1218","ashley32","R!64K&UnTS","71","Male","143359763"
"1219","brianneal","zJ^o1Mg2%%","36","Male","665027988"
"1220","matthew30","Ley0^QAe++","44","Male","756542639"
"1221","dreyes","jdGZ9RGkf!","60","Female","535495003"
"1222","bryanhudso","8@GptaOk)s","53","Male","714499637"
"1223","kbarron","ScpGCu2d$0","37","Male","945727359"
"1224","fgarza","$cs)X5Zd50","58","Female","477857529"
"1226","hubbardjes","Pw@3rBwZii","20","Female","972708108"
"1227","dana89","19hR3wmv(W","34","Female","248653648"
"1228","jennifergi","$MTwCdVrP0","28","Male","284252911"
"1229","fred65","$6ZYl7#vi5","36","Female","989645740"
"1230","chad82","O4)XvPyY*I","47","Female","715268822"
"1231","efranklin","g1xBRZyl$F","47","Male","774681367"
"1233","ucox","cE_8zhWb^d","52","Male","856191483"
"1234","oreynolds","#0aFmTGz6Z","67","Male","602328384"
"1235","ericnewton","EMP60%CvU$","63","Male","588444669"
"1236","adkinsmich","n39Pt3eAM)","47","Male","458040975"
"1237","oweiss","dTl+0SClGp","49","Male","960729746"
"1238","jeremy18","n5iU_UkD^u","79","Female","351072726"
"1239","michael33","_WL!F2Fs9R","38","Male","910021649"
"1240","tammiewhit","aCX&8gAwf8","23","Female","858558765"
"1241","ykeith","F+p8LoIvB^","78","Female","366277371"
"1242","jgarcia","@9pe*EKpbw","45","Female","205287869"
"1243","williamjar","#U*5@RPnGZ","59","Female","448285165"
"1244","johnathan0","5*E5GPlfYG","53","Female","202399939"
"1245","rarnold","v%N!1D5lW2","34","Male","271001519"
"1246","diazmarie","$6LpT4pIQj","47","Female","383436366"
"1247","justin83","s6Lw8zgp#j","30","Male","862687742"
"1248","joshuaedwa","YB2FDrkO#O","46","Male","808156504"
"1249","ellisonchr","bVjJuvu_&5","48","Female","141337100"
"1250","rsimmons","YW(XQ2fGG!","78","Female","416507184"
"1251","ashleechav","XF4CJ5k#+0","54","Male","401059482"
"1252","michelle31","a0l*HLL9#u","60","Female","781795382"
"1253","hughestina","^r94zXha_*","18","Male","963838430"
"1254","caroline86","Y)0S#wabkt","78","Female","983692294"
"1255","megan89","qA6MqMCV)9","57","Female","229032551"
"1256","brucehobbs","$3VH(4yA!f","45","Female","196722150"
"1257","pennington","!97Eh&6Mvf","45","Female","542935341"
"1258","tayloraman","tP8Sm2pJ^Q","57","Female","136635515"
"1259","chandlerje","mrrD#sZq#7","72","Male","122672179"
"1260","kshelton","dj(MKBqw@9","32","Male","158828850"
"1261","ngraves","HOo5QzlaF^","21","Male","935268598"
"1262","wrodriguez","n^58TsKnKR","71","Female","196956931"
"1263","charlesmye","c+c7ZSaz&1","69","Male","793453862"
"1264","millermarc","yyP1oDM(r*","26","Male","738350687"
"1265","pcarr","_9CRuyPQs5","39","Male","560806326"
"1266","reidbruce","(9S)mIP%5*","39","Male","594367625"
"1267","jane77","$XUZiWbx+3","19","Male","596054924"
"1268","amandadurh","OgMw1WENt_","71","Male","438576948"
"1269","millerange","z7VfpB)E*)","34","Male","385594991"
"1270","johnbarron","#@Ozy*Th0m","26","Female","337823469"
"1271","josesander","n$6jRJKw!H","44","Male","349123437"
"1272","colliernan","_L+Gt9FnE(","68","Male","528783820"
"1273","fstafford","!33_WnlyO_","76","Female","468829832"
"1274","hernandezc","CwOGIDW+%3","22","Male","175183945"
"1275","qrosario",")7oT#fn_cn","36","Female","116861664"
"1276","michaelwil","l@1EYVSTfb","24","Female","217097185"
"1277","berrybrian","_axrE4Gu9D","66","Female","724099532"
"1278","vanderson","VKP5FHp_(B","49","Male","147577556"
"1279","russellfig","1mG!3X%zAV","35","Female","127397981"
"1280","michaelmor","X7NSR4ev%a","57","Female","586849335"
"1281","samantha98","%5Z1elNu0g","31","Male","475149730"
"1282","ryanevans","92hkQUvp%n","21","Female","119841316"
"1283","yangcaroly","Y5IJgMM5$o","51","Female","856061281"
"1284","nrodriguez","4K0c18q%8^","52","Male","957727055"
"1285","kimberlymo","*k^gWcr9m9","46","Female","524594587"
"1286","emily61","&2Y7tgMI(p","23","Male","115032010"
"1287","ericwebb","5G+0kz(bp@","66","Female","686269746"
"1288","barbara46","3q48Q6Sw$5","43","Female","111420596"
"1289","melissamil","&u^YB5g)!2","25","Female","234454422"
"1290","briandavis","#+9@RSTm&9","29","Female","508631897"
"1291","meghanwood","J9^SBMo2%&","72","Female","422154474"
"1292","lindseyvel","IV+W7Oc9#6","39","Female","554299656"
"1293","patrick30","jcRt(5Mf!+","77","Male","108358065"
"1294","larry76","D4@KI0yy(M","29","Female","239727948"
"1295","johnsonlui","+Kv%8DEb6w","62","Female","290859326"
"1296","tylercalde","#K92EWui+D","67","Female","196032176"
"1297","williamwal","%eTj!ks#C9","37","Male","690852073"
"1298","evansnatha","Rm4+SQ7sI)","40","Male","810566066"
"1299","brownrober","SV2RGna8n)","40","Female","114335355"
"1300","johngonzal","2ylw3HDV)l","57","Male","204781972"
"1301","blake84","2jDpLXy)(2","48","Male","605907777"
"1302","vhall","bP1#q5Pnf1","70","Male","136263834"
"1303","jacksonjac","@^v9@IaESv","30","Male","715369706"
"1304","johnsonhen","81j@UsV8$t","26","Female","157853312"
"1305","sherri56","0(c5nQxuet","36","Female","449016889"
"1306","johnkrause","8&jP80Yd1A","27","Male","636605131"
"1307","zbutler","!AkrOEi4n6","59","Female","227413516"
"1308","katherineg","jtKq$0A*m@","32","Female","971410257"
"1309","rjames","fNHgr1Zfe&","34","Female","166640726"
"1310","edgarjoyce","Y+6CyE9fs)","49","Male","885838470"
"1311","grantmicha","Jh*8Frlg6i","60","Male","636659871"
"1312","sarahgordo",")wLZcvM%3S","30","Female","624039559"
"1313","patriciaje","_1VRoagOC#","19","Male","403877391"
"1314","higginsjoh","Aj6Pc*+X@5","59","Female","142756499"
"1315","oyoung","%y83(Jam68","28","Female","803938184"
"1316","robert89","8&U0s*VjHx","33","Male","992886987"
"1318","robinmckni","+4mu2Mxg)u","28","Female","335317898"
"1319","whitney67","M*4pDSsjxM","29","Male","783018947"
"1320","jonathanmc","jWA_7EMjjg","78","Female","569261445"
"1321","gouldemily","%QRCt*o9^2","40","Female","720642198"
"1322","thomasnath","pz4PO_WK1!","47","Female","961069598"
"1323","rachellee","Y0Bs@56f%p","72","Male","553181455"
"1324","john46","#UDo2nRvGt","54","Male","452823185"
"1325","sheilahugh","qJ*4W$gnAg","77","Female","990629908"
"1326","ritterrobe","2w+3IfiHhA","61","Female","976952949"
"1327","sheila93","@0w@UHVtm@","26","Male","742232579"
"1328","brownmark","Gt0#TD7t%2","66","Female","291435889"
"1329","robert21","$eVriU6#e9","41","Female","431492962"
"1330","lauracoope","b+jb7NNlkp","37","Female","413140867"
"1331","michael14","8(YCIYLa+a","34","Male","861404468"
"1332","brendapenn","&S9Wf3cD&%","59","Male","774993188"
"1333","scott62","6VwrM&g(!H","19","Male","394878761"
"1334","vlynch","!fnbGgut1Q","44","Male","870928456"
"1335","howardrach",")&4U_sYxPL","51","Male","150932517"
"1336","ariasjenni","@L_kGsAvT0","67","Female","677332210"
"1337","fmarquez","(cNCbyf#+7","26","Male","487689941"
"1338","cdaniels","q_4!9IHj$#","29","Male","514888513"
"1339","coxjonatho","n7!YUbqp!F","47","Male","369161528"
"1340","allenjonat","KkEf1LUT)4","33","Female","775131407"
"1341","jacobsconn","_*#K5O6l_J","53","Female","711568612"
"1342","araymond","i@W9lBzMJE","76","Female","268215074"
"1343","mclaughlin","ikk0FFzZ!V","20","Female","184022158"
"1344","baileythom","#+hcfEMu24","42","Female","407280677"
"1345","pmendoza","EvB&4iUuLx","31","Female","992930511"
"1346","echaney","ve*7RSDuR2","29","Female","695026796"
"1347","daviserika","*OR50aUv5&","66","Male","232070121"
"1348","shawjudy","+C4_WVjU&c","73","Female","142827755"
"1349","mbishop","hj9%0FXng$","65","Male","766863824"
"1350","whitefranc","1sE@zGTs_s","57","Male","702665324"
"1351","jessicarya","*f1#rmAl0n","79","Female","727556894"
"1352","jeremy12","D6A1Bf+++R","68","Male","445673949"
"1353","lauriebrew",")8A5X1K!ho","53","Male","153993153"
"1354","ggregory","_T5fSZuK45","43","Female","957752292"
"1355","david37","G7BPIM@g#1","43","Female","262228745"
"1356","uingram","d@4)T4xwpn","44","Male","902750998"
"1357","melissa11","J!5eFZSzlU","62","Male","699096207"
"1358","mccarthyel","y1UbmHRD_q","27","Female","408369208"
"1359","lestrada","eOP25NEo^@","70","Female","886283345"
"1360","hutchinson","7y00HMo)Y*","19","Male","342789795"
"1361","wagnerjame","!$+5E2SqnW","45","Female","499989335"
"1362","jane06","6gS$f$Do+1","75","Male","259956603"
"1363","ricerebecc","dbd@7Bz6^v","71","Female","921188628"
"1364","hharris","@J4IBe$E9%","36","Female","675184208"
"1365","laura97","%u2uoEt99c","25","Female","987081692"
"1366","harrington","6#S!Q(3y*l","59","Male","765485435"
"1367","kwatkins","(U%q!3Oq1)","67","Female","684111490"
"1368","hlandry","_sG^K#3385","59","Male","431759656"
"1369","mary20","_RPtskmj&4","42","Male","350963405"
"1370","lynchmarcu","^7s3P9!ieP","36","Male","329805386"
"1371","michael52","&$3Q)^wk5A","44","Male","973785942"
"1372","jareddicke","7((6xgDg_%","45","Female","109613718"
"1373","bridget18","N^p&9Yhz2w","45","Male","444463663"
"1374","robertsjer","opt3NmOk(^","19","Male","251032358"
"1375","christianm","+H@c8AjwqR","25","Male","566947407"
"1376","nglenn","x15+%6QqK8","33","Male","756702950"
"1377","daniel87","!3Uw&53Hf&","72","Female","586014165"
"1378","kimberly50","Lb6ZkEdk^m","77","Male","319353713"
"1379","danielmcda","h_B4sWnz*n","77","Female","740942692"
"1380","zchapman","^R$BXc^M1T","28","Male","325940563"
"1381","caseybell","^PrdpB8eJ5","65","Male","510910188"
"1382","carterpatr","&^bziU_w9s","66","Female","959010130"
"1383","erikaburne","0jt9RIi$!(","45","Male","558273370"
"1384","lisa08","2rc8+Clr*A","45","Female","593175005"
"1385","amandasmit","_6yNI+w^9a","63","Female","937319925"
"1386","qlewis","%K52TNmsVz","79","Female","450862541"
"1387","ewhite","_^JvHAqf54","23","Female","397774621"
"1388","tyler18","!!yYl3Co63","79","Female","188843978"
"1389","imills","#X0P4OgUnA","52","Male","846607109"
"1390","stephanie3","_b*EeD^s)3","20","Male","897964185"
"1391","tara05","&6KoSoW#Wr","38","Male","188820358"
"1392","john11","C_F76VBqXY","61","Female","564251224"
"1393","ralphrhode","rd09UXorD+","49","Male","394800829"
"1394","jordanheid","_hmT+Rfu6e","50","Female","539425538"
"1395","gary29","T_92TFf^Jb","64","Female","458333404"
"1396","deannamcma","w#0bGT_cT&","34","Female","506467163"
"1397","michaelkel","0@V)UJm+&g","46","Female","843111918"
"1398","calderonje","&&U_ZJrc0q","38","Male","305929291"
"1399","lstewart","h_ajk4BlwL","36","Male","259687820"
"1400","yvonnebenn","B#C1)UoMH1","38","Male","804675728"
"1401","wesley45","*2#9EcR@Tb","21","Female","126201701"
"1402","wilsondonn","1GR@RGRE*o","61","Male","863384213"
"1403","glenn19","%ZdCBjzD6K","44","Female","397706643"
"1404","jeffreybak",")knWhXXy2e","21","Male","870606312"
"1405","andrea58","rY%9gDEmB&","43","Female","659345668"
"1406","reedteresa","G5G45waq%v","24","Female","874445014"
"1407","mjohnson","pb9CrX!p*r","20","Male","928710000"
"1408","patricktho","+nMvQ%DXj9","64","Female","411588599"
"1409","anne30","+9ODu+dy%X","70","Female","827810636"
"1410","dbarnes",")JN4APuJ_*","29","Male","338670214"
"1411","abbottscot","0E8Ssn3@&)","23","Female","488911998"
"1412","stonemisty","4Wu+0ZakS!","62","Male","871901158"
"1413","jamesfranc","j63S$@CL%2","38","Female","564015728"
"1414","james93","F3QZ@t$q_s","35","Female","650542205"
"1415","byrdthomas","!d5XBHjeb!","61","Male","984621164"
"1416","jennifer20","uP7EGHZq_e","32","Male","410360014"
"1417","sonyadecke","6!9%+Fk*+0","69","Female","509731086"
"1418","meghanmitc","NJQ5Fu^wH*","42","Male","443192739"
"1419","kstone","*1+PQO$_oH","24","Male","175049414"
"1420","hopkinskat","IKE9C&Ut1&","53","Male","368784402"
"1421","margaretwh",")6PF$meXkg","40","Female","851837866"
"1422","robinsonna","*I1A@V8mvU","37","Female","276235622"
"1423","jacqueline","Lh$0QZGev+","49","Male","615420256"
"1424","allenwalto","R5$ZBw50!1","28","Male","937126706"
"1425","thuff","R5dDe+F!!8","55","Male","642499177"
"1426","davisbetha","%t03Oft^M#","41","Male","864099801"
"1427","bgarza","!KQzH@_l61","40","Male","930044387"
"1428","mcraig","@W37lKadkN","43","Female","692731498"
"1429","cooperjaco","O6z5WnXwY*","29","Female","294240209"
"1430","ujenkins","%14JLb5fq^","80","Female","198845126"
"1431","james23","@5R9EpYboO","71","Male","863837876"
"1432","mariaruiz",")l0sDin%+*","44","Female","652733086"
"1433","lgrant","75c0)Isy+B","24","Female","583418603"
"1434","smithcourt","Vcf3HQ9u%N","31","Female","336687479"
"1435","amberlane","9I@BFxNn$%","38","Male","730267007"
"1436","jameshardi","$Q4!PGOag3","19","Male","740398670"
"1437","fgraham","pG3OtNltZ#","31","Male","746368429"
"1438","karla74","fVh$8yXgm6","26","Female","717451205"
"1439","pamela65","KgZ&2lFuFW","80","Female","992734056"
"1440","kiarachen","%jyBeArc8D","59","Male","171435514"
"1441","grosschris","$8ZsK*rp8D","76","Male","830384527"
"1442","ellengarne","$9&OPlDCUQ","34","Female","908356888"
"1443","chasecook","rnbG9eZb+Y","46","Male","443753262"
"1444","alice38","@QCubzCt15","32","Female","512804524"
"1445","davidsonja","4UW$4ZsZbV","77","Female","389470958"
"1446","jacob97","X6LVH2ib+)","54","Male","790700859"
"1447","shawngonza","81TxR_s2+x","24","Male","164403926"
"1448","matthew52","X1R1zD#v&a","41","Male","702998090"
"1449","wperry","8^0!M*Qp)9","76","Female","473337006"
"1450","thompsonsa","Y7!2LCv3PP","54","Male","260796884"
"1451","stephensbr","x9^!KEjS$y","23","Male","137518158"
"1452","wardconnie","_gKRXz&C6j","36","Female","515250780"
"1453","josephjohn","!P$61EKc5R","28","Male","155469852"
"1454","carlosdavi","!L4PeKxxwT","24","Female","525681444"
"1455","cferrell","^90SH_w#59","41","Female","762198795"
"1456","sheryl18","_)n7$H4hja","39","Male","444664557"
"1457","trobinson","uE4P%n^A&0","66","Female","588489504"
"1458","manncharle","S^QSX4k7!1","42","Male","676181405"
"1459","robin05","kc2LbkJ)C$","71","Male","697058523"
"1460","jeromealle",")4q8Fb%u(l","27","Female","231628610"
"1461","stacy79","o(73HQijue","61","Male","845048606"
"1462","ralph22","N9ZPE)SJ&w","76","Male","540129489"
"1463","abuchanan","!3+zFbw9_P","67","Female","483715034"
"1464","heather59","+0oR5Bc2HF","28","Female","166895569"
"1465","jamie26","8+3LJSm_+9","30","Female","918309103"
"1466","shannonsma","&KALLFNab5","48","Male","613731573"
"1467","josephridd","Bc@9VurJpR","57","Female","387420746"
"1468","lunanicole","&uUvp^&Qs0","28","Female","590789679"
"1469","rwhite","kJ6ZXLgp*_","53","Male","948931692"
"1470","castilloti","(QItVjweY4","65","Female","678191413"
"1471","kimberlyth","e)et_S1soU","64","Male","538076263"
"1472","mcguiredan","8FZ+i%(y_S","51","Female","627017105"
"1473","colejanet","fR0XmNAs#H","23","Female","377285722"
"1474","juan69","8(76^PHrAn","71","Male","840629521"
"1475","martinezra","@gBvT5+BA0","71","Female","597347040"
"1476","bridgesmic","&fNOY+dL3V","77","Male","661164040"
"1477","carolyn88","D1G98Ds2(V","49","Male","800355040"
"1478","melissa34","&7PT)fityL","36","Male","805970011"
"1479","hlivingsto","t^*s6Bc!O%","60","Female","985103503"
"1480","leetroy","G*Zu3Xkv5h","26","Male","976973603"
"1481","elizabetht","#2EbGi70#5","64","Male","407625475"
"1482","rachelsanc","MY$BHa9F*8","59","Female","478854824"
"1483","garciajose","@z4GMwm0kE","44","Male","360325684"
"1484","xrice","9DWkRl5Y)S","60","Male","645965516"
"1485","jerryhowar","w@)i6EzD_Z","63","Male","267559081"
"1486","jonesdavid","g1+9I$rJE2","59","Female","919297689"
"1487","ostout","#$_i0BZuQI","39","Male","622812442"
"1488","richard35","&vxWYJp@v5","75","Male","149455143"
"1489","rogermorga","wmfBdMVZ(6","57","Female","234403301"
"1490","stewartjen","Rj2rV*Lrs&","69","Male","761193525"
"1491","wrighttayl","t^9aSPupby","42","Female","972831946"
"1492","jay22","l)V8JtihSZ","73","Female","853771975"
"1493","jessicawoo","*%3bWUHmL$","72","Female","906833175"
"1494","piercesara","J%6H(Rgfb(","27","Female","179003946"
"1495","melanie54","7%63AetDO4","26","Female","747435732"
"1496","imercer","f8F+_6Vm^q","75","Female","245690959"
"1497","theresacha","#F7E6^Rss4","66","Female","503231136"
"1498","wilsonalex","@@Gsu!@D(0","24","Female","439067934"
"1499","fuentessha","^0raze1mKP","31","Female","316407964"
"1500","salinasjes","2r9AEd3d#4","63","Female","937116150"
"1501","reginamcmi","ha+9QoHHn8","55","Female","460692634"
"1502","anthonyben","EStMkruH_1","55","Male","766792858"
"1503","vlee","A#6QiLpX^X","68","Male","858147160"
"1504","stevenking","!01JGYqw_o","49","Male","398742008"
"1505","weberjenni","P*a!KmQdR0","43","Female","336042162"
"1506","barbarafos","_g1%tUx6e!","66","Female","885170651"
"1507","david34","$81VG+hU0w","76","Male","401894370"
"1508","richardlaw","Unw5BX(wn&","75","Female","938285198"
"1509","thomasdavi","O2Zf1AyK(G","67","Female","621268632"
"1510","dianaluna","kN9$9aRo7R","23","Female","510141083"
"1511","zacharyall","&Tp8jRJuI(","77","Female","293671030"
"1513","brichardso","Mrn1Dpid%!","65","Female","972671941"
"1514","fbrown","%tDBEeah69","25","Female","856567251"
"1515","jamiewatso","_bPFky@&3%","45","Male","251036342"
"1516","janet95","Wv8kyrSq_s","36","Male","221325407"
"1517","zhowe","r8QeZ5za^3","39","Male","434206497"
"1518","saunderspe","xuw4DveB_s","28","Female","994532579"
"1519","gary28","%_^Ghr!b@5","38","Male","687106866"
"1520","cjohnson","Fu8Y5#N!D)","79","Male","959386425"
"1521","nprice","(8vQFireP1","69","Female","875495631"
"1522","jessicakan","p*7IbhwG$0","57","Male","666035111"
"1523","thomasboye","+4_DRe&@*X","27","Female","872860493"
"1524","brucesheri","*4ZOmL+xt1","32","Female","111021838"
"1525","courtney28","C$33&OjGO6","57","Female","392790096"
"1526","nicholasle","S+(Or2vgzK","65","Male","818363307"
"1527","rebeccaguz","(DU0Mk#YL7","69","Female","910443925"
"1528","javierdavi","^nGV4xTf+I","74","Female","850909414"
"1529","david81","gmE0Fysj(S","23","Female","657708606"
"1530","heather67","&%4VGFwmh6","47","Female","339956518"
"1531","josephrodr",")JP1HfJq@g","70","Male","376243083"
"1532","psummers","@Z9K6rMVCJ","76","Male","535793047"
"1533","christinej","NFO3VcsNW%","48","Male","652629523"
"1534","cruzamanda","#NbGEqggy0","44","Male","258845466"
"1535","wmerritt","R_+9I8_fxF","42","Female","547725649"
"1536","emily28","_%lB2Top9Q","73","Male","472600371"
"1537","iblair","&0M)KdBi#T","25","Male","664688958"
"1538","morganturn","&W$1dPylql","40","Female","286969679"
"1539","jimmy84","o)0Mk6apx+","61","Female","467845155"
"1540","poncepatri","!sg+MJ)z0e","37","Female","233705718"
"1541","douglasdic","!a(h9$Ofxi","57","Female","734970356"
"1542","luis88","6G$NFmpM&j","20","Male","308985580"
"1543","thompsonmi","+B3^L4Ami%","34","Male","661637169"
"1544","westnathan","9NKACxQu!i","55","Female","162405507"
"1545","david28","oIR0dZ1cI%","29","Male","947413985"
"1546","tbennett","%AeC4CymQ9","71","Female","676385518"
"1548","victoriapr","fZ4TXvf1(v","75","Female","930183996"
"1549","tjackson","^2wLVhQPi$","34","Female","299845344"
"1550","monicamart","!0BHb^9dHz","38","Female","570407037"
"1551","mcclurejac","o5g5Ey5OS+","25","Male","470269791"
"1552","nixonricha","lj#4RqLsmc","62","Male","484326609"
"1553","ronald80","U%6YnZpggR","20","Female","105282092"
"1554","douglassan","$%3ZfKu4^y","36","Male","823824113"
"1555","portermich","A#8O*ixne+","28","Male","798848516"
"1556","mary60","#p9dClLdR+","58","Male","130230037"
"1557","lewisrober","&*d5pLayUn","64","Female","864045717"
"1558","robertsste","hsh8WMmx!0","64","Female","297697049"
"1559","xbriggs","ppj8E&qoJ!","28","Female","839632960"
"1560","benjamin52","53UUaftf#A","28","Female","529605771"
"1561","vcalhoun","$49WcMs+&p","46","Male","781507451"
"1562","david20","J8u&5KMd*6","50","Female","751598734"
"1563","lmaldonado","s(%B9Ydu@!","26","Female","128055630"
"1564","paula97","%5WDXlJu04","71","Male","521625707"
"1565","kfisher","#&k6*AXn8c","72","Female","417736243"
"1566","ywilkins","@5(NaecYqC","28","Male","636717483"
"1567","jonathanon",")5Sc0Rgk*6","63","Male","637229666"
"1568","maddoxcrai","_8WY1Wvg^w","73","Male","557858077"
"1569","nlambert","!184VwVsXC","35","Male","726816009"
"1570","tammypage","^2GAQDnb^w","50","Male","366361959"
"1571","robersonst","!#z6yZldhd","80","Male","331770143"
"1572","mcannon","zr#7YZAazu","21","Male","431433188"
"1573","beardkimbe","_g^0PPMqdx","22","Male","634111820"
"1574","hendersonl","_Q)1)zMa0M","54","Male","444593754"
"1575","elizabethb","+zbUgW6h2Z","49","Male","434686315"
"1576","sara92","Ac5CSg2%L@","32","Male","297911309"
"1577","victor36","_%2$DvcAII","41","Male","242274797"
"1578","heather02","EtZb@ufL^6","36","Male","678232165"
"1579","klewis","$bH!zwbfW7","53","Male","788798706"
"1580","holtheathe","I2%RCXyo^i","49","Male","904387399"
"1581","johnny29","%r3nDaEBxQ","30","Male","360545904"
"1582","skirk","+)3W%iBtYp","40","Female","792176672"
"1583","jonesjenni","EL2zQ5Vb%P","19","Male","884156415"
"1584","kevin50","Vi9s8$S%$8","44","Male","357316092"
"1585","lacey50","Z9OGdgPP)n","70","Male","598265308"
"1586","barrjames","x5RD@hjb#3","76","Male","147524240"
"1587","timothymil","&5E7+xLdP#","20","Male","723549893"
"1588","sharon63","C86Gi!zA^r","32","Male","780570323"
"1589","tvaldez","c_9eJj11A_","25","Female","360886353"
"1590","justin96","@UzOsCcrJ7","37","Female","771054031"
"1591","karla72",")adauFgd)6","18","Female","928070564"
"1592","hannahjohn","U#Y0HzbEgq","38","Female","667260282"
"1593","ybailey","C3UdUxaR#k","38","Female","137640791"
"1594","xarnold","1Z8wnA7jc)","39","Female","307412831"
"1595","paulanthon","$0REl(^zP7","50","Male","478668633"
"1596","god","12345678","18","Male","1214124214"
"1597","aaaaa","aaaaaaaaaa","18","Male","123455667"
"1598","aaaa","aaaaaaaa","18","Male","1999999999"
"1599","",,"27","Male","1819401881"
